{"cameraMode":{"drawMode":0,"name":"Shaded","section":"Shading Mode"},"sceneLighting":false,"audioPlay":false,"sceneViewState":{"showFog":false,"showMaterialUpdate":false,"showSkybox":false,"showFlares":false,"showImageEffects":false,"showParticleSystems":true},"in2DMode":false,"pivot":{"x":-6.700742721557617,"y":3.274721622467041,"z":-0.18093276023864747},"rotation":{"x":-0.06476480513811112,"y":0.003590578446164727,"z":-0.00023115056683309376,"w":-0.9979079961776733},"size":29.799636840820314,"orthographic":false}